Model,Val AUC,Test AUC
Logistic Regression,0.8083332781796642,0.7877861069465267
CatBoost,0.8558205873203921,0.8510178244211227
PyTorch MLP,0.757176043893496,0.7585573879726802
